is_mean,is_std,num_images
29.952022552490234,1.7723987102508545,2500
